Tid,TName,Email,TMobile,TAddress,Salary
1,Melissa Garrett,david46@hotmail.com,5080963370,South Sean,43500
2,Brandon Le,michael00@gmail.com,1201563740,Stephaniemouth,46088
3,Morgan Quinn,ggarcia@parker-clark.com,0938914317,West Austin,75500
4,Emily Ferguson,michaelmorton@yahoo.com,3357397516,Bentontown,40848
5,Amy Landry,ericaramsey@combs.net,6646485487,Lake Darryl,38802
6,Laura Romero,daniel18@allen.biz,3712370882,Lanceland,33280
7,Debra Perez,harriserin@henderson.com,0933701425,South Sandy,57297
8,Kyle Ayala,lauren19@yahoo.com,7160633882,East Thomas,68962
9,Michael Johnson,tmorgan@yahoo.com,1313744181,New Deniseside,41101
10,Sharon Johnson,calvarez@sullivan.com,9574342256,Port Jeffshire,59237
11,Jane Flores,pamelarodriguez@sparks.com,1626747224,North Mallory,43411
12,Mary Washington,jwilliams@yahoo.com,2477217465,Lindabury,55582
13,Brittney Carroll,teresawebb@hotmail.com,6121792609,Valerieton,37245
14,Michelle Mcpherson,elizabethwalls@mitchell-espinoza.org,0164400509,Aimeemouth,40892
15,William Myers,leejordan@yahoo.com,4416935163,New Douglas,32822
16,Jessica Young,alicia78@castillo.org,6644629145,Reeseview,59799
17,Lindsey Grant,harperethan@hotmail.com,9443598816,New Kevinfort,58185
18,Scott Miller,juliewheeler@yahoo.com,9819484047,Franklinstad,32397
19,Andrew Lara,cgordon@hotmail.com,5379695543,Zimmermanmouth,69441
20,Sarah Davis,pjones@wright.org,9574031547,Nicolebury,59035
21,Shawn Harris,ross13@gmail.com,9853073515,Sandovalchester,68390
22,Brian Hernandez,obush@mclean-gibson.com,7784246353,West Peter,71553
23,Eugene Collins,clarkronald@gmail.com,5800514222,Cortezmouth,74157
24,Brendan Bell,charlesalvarado@yahoo.com,8369034665,Kingberg,56380
25,Anna Shannon,sguerra@yahoo.com,5128748135,Michaelberg,36917
26,Casey George,michelle55@yahoo.com,4160162672,Lake Susan,68302
27,David Welch,moorevickie@figueroa.com,2562837317,South Tammyland,32732
28,Alison Dalton,teresa40@dalton.biz,5589716160,Port Kristin,44326
29,Donald Cannon,joseph05@tucker-foster.com,7935365117,Stephaniehaven,66054
30,Brian Fernandez,michael59@hotmail.com,2447497751,Oliverhaven,53230
31,Sean Barnett,williamsbarbara@peterson.com,6402855147,Kellyland,58064
32,Donna Cobb,zanderson@yahoo.com,1711850922,Shepardview,31968
33,Roberto Peterson,robert58@yahoo.com,4228063042,Billybury,36305
34,Daniel Hayden,patrickrice@hotmail.com,2361750638,Jordanview,34911
35,Peggy Forbes,charles20@hotmail.com,0250206750,New Maryport,46552
36,Melissa Ray,manuelfields@hotmail.com,8416502231,Wilsonmouth,42056
37,Caitlyn Cox,daviddelacruz@yahoo.com,2533034648,Cindyshire,58292
38,Angela Greene,melanie22@harris.com,5905645946,Brownton,56013
39,Regina Franco,seth42@smith.biz,3190465538,Sheltonfurt,69524
40,Jessica Miller,fbond@miller.org,3685659418,New Joshua,65732
41,Leslie Alexander,davidwashington@gmail.com,4605262338,North Isaacport,39124
42,Antonio Carter,richardshelton@yahoo.com,6198243602,West Elizabethmouth,50977
43,Shelly Ferguson,clinekevin@gmail.com,2392288895,East Bryan,33051
44,Randy Hamilton,victoriagarza@mendoza.net,8036127019,Lake Melanie,48636
45,Lauren Smith,harperdiane@garcia-johnson.com,6136319085,Lake Jonathanville,63324
46,Cody Copeland,ericgomez@yahoo.com,2420601442,South Teresa,72825
47,Amanda Holden,birderin@hotmail.com,7600388174,Jaimeport,74066
48,Natasha Gonzales,reyespaul@yahoo.com,8907990359,Thomasside,69795
49,Annette Davenport,taylor67@yahoo.com,9263817630,New Toddside,47888
50,Rose Tyler,vlee@evans-houston.org,9567826639,North Amybury,48515
51,Jeffrey Tyler,robertsondarius@coleman.com,8296053138,West Williamfort,41189
52,Arthur Garcia,chelseabarrett@hotmail.com,3248005938,Port Michaelborough,53525
53,Todd Fisher,brianyoung@johnson.com,6259363228,Fisherhaven,69799
54,Matthew Black,sweaver@rodriguez.com,3545743849,Port Lisastad,31721
55,Wendy Day,joshua65@ortiz.com,3230564920,New Paultown,43251
56,Samantha Pennington,smithelizabeth@hotmail.com,2038693232,South Kristopherport,43817
57,Angela Buck,greenpaul@hotmail.com,4574270405,New Jenniferton,77370
58,Alexander Reed,brittany78@potter-campbell.com,3742791124,South Shannon,36066
59,Shannon Robinson,justincain@yahoo.com,0282294176,Lake Nicolefurt,57678
60,Daniel Banks,richard67@gmail.com,4778455000,Douglasville,77750
61,Lindsay Williams,jacksonnichole@gmail.com,7010386649,Carrollberg,75621
62,John Pena,amandaleonard@morgan.com,1056538563,Jillberg,46535
63,Kevin Cole DDS,terriwhite@anderson.org,4967114760,East Zacharyside,61869
64,Heather Thompson,bpayne@gmail.com,2955436932,Masonside,38719
65,Brent Mitchell,twoods@yahoo.com,0442691356,East Melissa,60384
66,Aaron Chavez,michael81@gmail.com,0483491620,Hollyborough,64342
67,Geoffrey Jackson,dawsonkevin@yahoo.com,6889240011,Pottermouth,79924
68,Bonnie Soto,debra47@hotmail.com,7933463433,South Carlos,31840
69,Kayla Bell,weaverbilly@rowe.org,6908046239,Eugeneborough,41014
70,Chelsea Whitney,stephanie03@gmail.com,0672477447,Port Jasonmouth,55888
71,Christopher Williams,ccook@gmail.com,8572688349,Jamesburgh,32764
72,Barry Moreno,alisoncastro@gmail.com,1465671829,Porterchester,37226
73,Anna Church,kimberly36@hotmail.com,0212334633,Angelaside,56426
74,Sarah Cabrera,sharonjohnson@yahoo.com,2117368404,Port Julia,44324
75,Gary Beasley,ddaniels@thomas.com,1681858109,North Michael,40510
76,Cheryl Franco,benjaminreeves@johnson.biz,5551921212,Phillipfort,65413
77,Daniel Holmes,antonioriddle@gmail.com,9365033369,Camachoport,73424
78,Kyle Wilson,williamcampbell@sharp.com,8956758761,Port Alexandra,74127
79,Kevin Johnson,shannon09@casey.com,7426584066,Kevinfort,68649
80,Cole Mills,david13@yahoo.com,0859970902,Donnaland,58969
81,Alyssa Cole,harrisondrew@yahoo.com,2161656433,Powellton,58839
82,Mrs. Karen King,thompsonkatie@yahoo.com,6109695872,Julieview,78966
83,Joel Bailey,cphillips@woods.com,5401900641,Allenville,43813
84,Mary Tucker,stevencamacho@yahoo.com,6799769098,East Cynthia,70269
85,Audrey Mcintosh,rsmith@king.com,4636031051,North Edwardfurt,43014
86,Jeremy Hill,william49@hotmail.com,4213459702,Port Heidi,73228
87,Joshua Davis,stephanie56@long.com,0299003333,West Eric,36095
88,Jessica Smith,blake85@james.com,6763954533,Sheilaview,50185
89,Christopher Pearson,jessicamosley@yahoo.com,4185451545,Ruizmouth,45866
90,Ronald Morgan,andrew44@joyce.com,4530924577,East Georgeland,73029
91,Allen Atkinson,warnermichelle@graves.com,1662860340,Gracefort,38150
92,David Webb,abean@perez.com,6599897305,Wilsonland,71190
93,Michael Bruce,gregory23@yahoo.com,9529018519,Christopherville,65371
94,Janice Hernandez,jenniferray@hotmail.com,2093673408,Lake Jayburgh,63506
95,Rachel Sheppard,paul40@gmail.com,3943810744,South Dianaborough,59181
96,Johnathan Murray,hyoung@hotmail.com,7239554185,Foxtown,67936
97,Alexander Anderson,asmith@chang-hoffman.com,6173666081,Harristown,30351
98,Sarah Smith,joseph49@hotmail.com,2664939452,Karenborough,63076
99,Micheal Moon,hunterdestiny@yahoo.com,5748909530,Haysborough,57142
100,Matthew Keller,john08@yahoo.com,1727294056,Port Kelly,35423
